{"k1": 0.02665745450117281, "k2": 0.061896058485546385, "k3": 0.08989766450921034, "k4": 0.005149693931201939, "k5": 0.004808427056403533, "k6": 1.0, "k7": 0.008619086553313844, "k8": 0.336, "k9": 6.0, "k10": 0.144, "k11": 0.01, "r1": 0.024129922406274797, "r2": 0.017184890082343595, "r3": 0.0028035097113273243, "r4": 0.008994262309614622, "r5": 0.0008904108460071361, "r6": 1.0, "r7": 0.0870005936946528, "r8": 1.2, "r9": 3.0, "r10": 0.1, "r11": 0.48, "r12": 0.06, "s1": 8.981261572474834e-03, "s2": 2.1450424947525393e-03, "s3": 0.0006, "s4": 0.06946921913641102, "s5": 0.0074781546276185915, "Km1": 0.6215631534357107, "Km2": 0.4088917703242811, "n1": 1.0, "n2": 2.0}