{"k1": 0.26657454501172806, "k2": 0.6189605848554638, "k3": 0.8989766450921034, "k4": 0.5149693931201939, "k5": 0.48084270564035336, "k6": 1.0, "k7": 0.08619086553313844, "k8": 0.336, "k9": 6.0, "k10": 0.144, "k11": 0.01, "r1": 0.24129922406274795, "r2": 0.17184890082343596, "r3": 0.02803509711327324, "r4": 0.8994262309614621, "r5": 0.08904108460071361, "r6": 1.0, "r7": 0.870005936946528, "r8": 1.2, "r9": 3.0, "r10": 0.1, "r11": 0.48, "r12": 0.06, "s1": 0.008981261572474834, "s2": 0.021450424947525394, "s3": 0.0006, "s4": 0.6946921913641102, "s5": 0.7478154627618592, "Km1": 0.6215631534357107, "Km2": 0.4088917703242811, "n1": 1.0, "n2": 2.0}