{"k1": 0.5173698875822557, "k2": 0.8437006358966486, "k3": 0.6363934619523351, "k4": 0.14165739003369496, "k5": 0.8975656987842929, "k6": 1.0, "k7": 0.43681267884641245, "r1": 0.19282448530613444, "r2": 0.6119948148869498, "r3": 0.1464668555050505, "r4": 0.8739422630361623, "r5": 0.17980679924970105, "r6": 1.0, "r7": 0.057707904243595, "s1": 0.01130605514153616, "s2": 0.5690669454406767, "s3": 0.0006, "s4": 0.47117006521783955, "s5": 0.6, "Km1": 0.8754917796348191, "Km2": 0.9182717124537385, "n1": 1.0, "n2": 2.0}