,LPS,HDACi,LY294-002,LPS_start,HDACi_start,LY294-002_start,LPS_end,HDACi_end,LY294-002_end,measure_time,AKT,pAKT,PI3K,GSK3B,pGSK3B,PTEN,pPTEN,Phagocytosis
0,1.567549570340277,2.1197736594920125,1.0201637479421584,120.0,180.0,60.0,180.0,240.0,240.0,360,0.9860968775546235,1.0196216354541752,1.0000000000046423,1.7026586298916755,1.7399664541901891,0.6277068338496521,1.0387819850665063,1.1586849040761447
1,0.23785155694160104,0.18566260247255287,0.6160289341340969,120.0,180.0,60.0,180.0,240.0,240.0,360,0.9980524578948671,1.0027428471006417,0.9999999999384278,1.0615900746599929,1.0645613963946101,0.9479538429077788,1.0057524004123246,0.9687957970168009
2,0.7972880483622006,0.5816677405881499,0.9418106371729725,180.0,180.0,60.0,240.0,240.0,240.0,420,0.9945834283201426,1.0076342871532191,0.99999999998468,1.1929117039335815,1.2025072041586362,0.8552526393555027,1.0157173246598792,1.0269478608854312
3,0.4865294754343573,0.6233857588248527,1.2008510044663294,180.0,180.0,60.0,240.0,240.0,240.0,420,0.9942619963138911,1.0080878425864699,0.999999999996707,1.206743204657002,1.2170545645771065,0.8466587932582281,1.0166236125625658,1.0581608607799333
4,3.215225914997322,2.289410550677481,1.8815341524577764,60.0,180.0,60.0,240.0,240.0,240.0,420,0.9854489133939477,1.0205375752373629,0.9999999999862216,1.7588611671765677,1.799334808239236,0.6102580687992747,1.0404743777790244,1.2177083543710123
5,1.5984064697071076,0.8101007940534577,1.2634698076497648,60.0,180.0,60.0,240.0,240.0,240.0,420,0.9929080714438763,1.0099988143936645,1.000000000001631,1.2686427056632243,1.282192014943957,0.8104454753343586,1.020411031552768,1.0104146959894214
6,3.1234703370271757,0.9907550066571026,2.4866680533174863,0.0,180.0,60.0,0.0,240.0,240.0,499,0.991715618386704,1.0116825133553264,1.0000000000060598,1.3285255483904799,1.3452544135065594,0.7785273369064011,1.0237076771137594,1.2609488347047213
7,0.8210897720364875,1.29808959379629,1.4877663988456071,0.0,180.0,60.0,0.0,240.0,240.0,499,0.9899092118948247,1.0142340464687534,1.0000000000138503,1.4303863975615279,1.4526113782653516,0.730123209401985,1.0286346410920424,1.343058597948355
