,LPS,HDACi,LY294-002,LPS_start,HDACi_start,LY294-002_start,LPS_end,HDACi_end,LY294-002_end,measure_time,AKT,pAKT,PI3K,GSK3B,pGSK3B,PTEN,pPTEN,Phagocytosis
0,1.567549570340277,2.119773659492012,1.0201637479421584,60,60,60,240,240,240,420,0.9765910553170254,1.0330595514474314,0.999999999942366,3.1068956851413616,3.2257089182918235,0.37013017942882215,1.0627431227035928,1.686046038183196
1,0.237851556941601,0.18566260247255287,0.6160289341340969,60,60,60,240,240,240,420,0.994777086176694,1.0073610513557882,0.9999999999568645,1.1847289116749393,1.1939023331731193,0.8604297501938905,1.0151699551770872,1.0568382953556557
