{"k1": 0.20514916675910116, "k2": 0.8557784758388344, "k3": 0.8063170080663555, "k4": 0.052326995784136944, "k5": 0.6532534793331595, "k6": 1.0, "k7": 0.27733863387130864, "k8": 0.0056, "k9": 0.1, "r1": 0.20346761453811707, "r2": 0.17243828744555717, "r3": 0.29232240933809545, "r4": 0.8761359113296494, "r5": 0.17714606630529117, "r6": 1.0, "r7": 0.26809745312835515, "r8": 0.02, "r9": 0.05, "r10": 0.1, "s1": 0.010457174714265641, "s2": 0.8045245778826764, "s3": 1e-05, "s4": 0.8510291937679149, "s5": 0.0056, "Km1": 0.10839879889795688, "Km2": 0.3904119854326426, "n1": 1.0, "n2": 2.0}