{"k1": 0.22862556538162643, "k2": 0.9666174909604925, "k3": 0.6203257016528185, "k4": 0.02688314668847197, "k5": 0.8056871022125585, "k6": 1.0, "k7": 0.651815876492315, "k8": 0.336, "k9": 6, "r1": 0.3484950221909873, "r2": 0.2711344815892818, "r3": 0.07038233397158364, "r4": 0.699788335233804, "r5": 0.14941648404961172, "r6": 1.0, "r7": 0.2255344929138502, "r8": 1.2, "r9": 3, "r10": 0.1, "s1": 0.010230023503071067, "s2": 0.6248434091815371, "s3": 1, "s4": 0.5280606838261106, "s5": 16.8, "Km1": 0.580001951085156, "Km2": 0.3074069419222333, "n1": 1.0, "n2": 2.0}
