{"k1": 0.3193239876681948, "k2": 0.4457213080621895, "k3": 0.9014842631791179, "k4": 0.5715614081461676, "k5": 0.3073151747359384, "k6": 1.0, "k7": 0.09547535770308144, "k8": 0.336, "k9": 6.0, "k10": 0.144, "k11": 0.01, "r1": 0.6116516857180619, "r2": 0.85822290758524, "r3": 0.01984838730599745, "r4": 0.7374490514174882, "r5": 0.2635498317834361, "r6": 1.0, "r7": 0.3328352245054238, "r8": 1.2, "r9": 3.0, "r10": 0.1, "r11": 0.48, "r12": 0.06, "s1": 0.009158102249135585, "s2": 0.039870352340998116, "s3": 0.0006, "s4": 0.6688949407687733, "s5": 0.15122135291921657, "Km1": 0.6215631534357107, "Km2": 0.4088917703242811, "n1": 1.0, "n2": 2.0}