{"k1": 0.003193239876681948, "k2": 0.044572130806218954, "k3": 0.0901484263179118, "k4": 0.057156140814616764, "k5": 0.003073151747359384, "k6": 1.0, "k7": 0.009547535770308145, "k8": 0.336, "k9": 6.0, "k10": 0.144, "k11": 0.01, "r1": 0.00611651685718062, "r2": 0.085822290758524, "r3": 0.0019848387305997453, "r4": 0.07374490514174882, "r5": 0.0026354983178343613, "r6": 1.0, "r7": 0.003328352245054238, "r8": 1.2, "r9": 3.0, "r10": 0.1, "r11": 0.48, "r12": 0.06, "s1": 0.0009158102249135586, "s2": 0.0003987035234099812, "s3": 0.0006, "s4": 0.06688949407687733, "s5": 0.015122135291921657, "Km1": 0.6215631534357107, "Km2": 0.4088917703242811, "n1": 1.0, "n2": 2.0}