{"k1": 0.002286255653816264, "k2": 0.009666174909604926, "k3": 0.006203257016528185, "k4": 0.0002688314668847197, "k5": 0.008056871022125585, "k6": 1.0, "k7": 0.00651815876492315, "k8": 0.336, "k9": 6, "r1": 0.0034849502219098734, "r2": 0.002711344815892818, "r3": 0.0007038233397158364, "r4": 0.006997883352338041, "r5": 0.0014941648404961172, "r6": 1.0, "r7": 0.002255344929138502, "r8": 1.2, "r9": 3, "r10": 0.1, "s1": 0.010230023503071067, "s2": 0.6248434091815371, "s3": 0.006, "s4": 0.5280606838261106, "s5": 16.8, "Km1": 0.580001951085156, "Km2": 0.3074069419222333, "n1": 1.0, "n2": 2.0}