{"k1": 0.2286255653816264, "k2": 0.9666174909604924, "k3": 0.6203257016528185, "k4": 0.0268831466884719, "k5": 0.8056871022125585, "k6": 0.96, "k7": 0.651815876492315, "k8": 0.336, "k9": 6.0, "r1": 0.3484950221909873, "r2": 0.2711344815892818, "r3": 0.0703823339715836, "r4": 0.699788335233804, "r5": 0.1494164840496117, "r6": 0.05687011672929352, "r7": 0.2255344929138502, "r8": 1.2, "r9": 3.0, "r10": 0.1, "s1": 0.010230023503071, "s2": 0.6248434091815371, "s3": 1.0, "s4": 0.5280606838261106, "s5": 16.8, "Km1": 0.580001951085156, "Km2": 0.3074069419222333, "n1": 1.0, "n2": 2.0}
